Natasha and Cynthia hugged each other when they met up.,Tom and Brad lectured each other yesterday.,Prof. Myers and Dr. Frank talked to each other last night.,The headmaster and the parent representative spoke to each other about school fees on Wednesday.,The composer and the poet presented their latest work to each other during the art show.,The dean and college president addressed each other after the graduation ceremony.,The oncologist and the internist advised each other yesterday.,Nurse Stella and Nurse Carmen assisted each other in the emergency room this morning.,Sheila and Keith assured each other after the job interview.,Ryan and Brent encouraged each other before leaving for a year abroad.,The fire chief and rescue manager recognized each other's work after the devastating flood.,Emily and Sam supported each other after their parents died.,The president and vice-president thanked each other after the election was over.,Hugo read the book.,Jonathan finished his homework.,Douglas and Mary kissed each other after their first date.,Logan and Roman kicked each other in the sandbox.,Noam and Jennifer embraced each other before they split up.,Julius and his brother cuddled each other at bedtime.,Laura and Owen poked each other because they were bored.,The toddler and her brother shook each other off the seesaw on the playground.,Fanny and her sister scolded each other today.,Josh entered the bar,Christine played the piano.,Emily sketched her drawing.,Aaron cooked his meal.,Joseph washed the dog.,Andrew played football.
TRANSITIVE,TRANSITIVE,TRANSITIVE,TRANSITIVE,TRANSITIVE,TRANSITIVE,TRANSITIVE,TRANSITIVE,TRANSITIVE,INTRANSITIVE,INTRANSITIVE,INTRANSITIVE,TRANSITIVE,Filler,Filler,INTRANSITIVE,INTRANSITIVE,TRANSITIVE,INTRANSITIVE,INTRANSITIVE,TRANSITIVE,TRANSITIVE,Filler,Filler,Filler,Filler,Filler,Filler
INTRANSITIVE,TRANSITIVE,INTRANSITIVE,TRANSITIVE,TRANSITIVE,TRANSITIVE,TRANSITIVE,TRANSITIVE,INTRANSITIVE,INTRANSITIVE,INTRANSITIVE,INTRANSITIVE,INTRANSITIVE,Filler,Filler,TRANSITIVE,INTRANSITIVE,INTRANSITIVE,INTRANSITIVE,INTRANSITIVE,INTRANSITIVE,TRANSITIVE,Filler,Filler,Filler,Filler,Filler,Filler
TRANSITIVE,TRANSITIVE,TRANSITIVE,TRANSITIVE,TRANSITIVE,TRANSITIVE,TRANSITIVE,TRANSITIVE,INTRANSITIVE,INTRANSITIVE,TRANSITIVE,TRANSITIVE,TRANSITIVE,Filler,Filler,INTRANSITIVE,TRANSITIVE,INTRANSITIVE,TRANSITIVE,INTRANSITIVE,TRANSITIVE,TRANSITIVE,Filler,Filler,Filler,Filler,Filler,Filler
TRANSITIVE,TRANSITIVE,INTRANSITIVE,TRANSITIVE,TRANSITIVE,TRANSITIVE,TRANSITIVE,INTRANSITIVE,TRANSITIVE,INTRANSITIVE,TRANSITIVE,INTRANSITIVE,TRANSITIVE,Filler,Filler,TRANSITIVE,TRANSITIVE,INTRANSITIVE,INTRANSITIVE,TRANSITIVE,INTRANSITIVE,TRANSITIVE,Filler,Filler,Filler,Filler,Filler,Filler
INTRANSITIVE,TRANSITIVE,INTRANSITIVE,INTRANSITIVE,INTRANSITIVE,INTRANSITIVE,TRANSITIVE,INTRANSITIVE,INTRANSITIVE,TRANSITIVE,TRANSITIVE,INTRANSITIVE,INTRANSITIVE,Filler,Filler,INTRANSITIVE,TRANSITIVE,TRANSITIVE,INTRANSITIVE,INTRANSITIVE,INTRANSITIVE,TRANSITIVE,Filler,Filler,Filler,Filler,Filler,Filler
TRANSITIVE,TRANSITIVE,TRANSITIVE,INTRANSITIVE,TRANSITIVE,TRANSITIVE,TRANSITIVE,TRANSITIVE,INTRANSITIVE,TRANSITIVE,INTRANSITIVE,INTRANSITIVE,TRANSITIVE,Filler,Filler,TRANSITIVE,TRANSITIVE,INTRANSITIVE,TRANSITIVE,TRANSITIVE,TRANSITIVE,INTRANSITIVE,Filler,Filler,Filler,Filler,Filler,Filler
INTRANSITIVE,TRANSITIVE,TRANSITIVE,TRANSITIVE,TRANSITIVE,TRANSITIVE,TRANSITIVE,TRANSITIVE,TRANSITIVE,TRANSITIVE,TRANSITIVE,TRANSITIVE,TRANSITIVE,Filler,Filler,TRANSITIVE,TRANSITIVE,TRANSITIVE,TRANSITIVE,TRANSITIVE,TRANSITIVE,TRANSITIVE,Filler,Filler,Filler,Filler,Filler,Filler
INTRANSITIVE,TRANSITIVE,TRANSITIVE,TRANSITIVE,TRANSITIVE,TRANSITIVE,TRANSITIVE,TRANSITIVE,TRANSITIVE,TRANSITIVE,TRANSITIVE,TRANSITIVE,TRANSITIVE,Filler,Filler,TRANSITIVE,TRANSITIVE,INTRANSITIVE,TRANSITIVE,INTRANSITIVE,TRANSITIVE,TRANSITIVE,Filler,Filler,Filler,Filler,Filler,Filler
TRANSITIVE,TRANSITIVE,TRANSITIVE,TRANSITIVE,TRANSITIVE,TRANSITIVE,TRANSITIVE,TRANSITIVE,TRANSITIVE,INTRANSITIVE,TRANSITIVE,INTRANSITIVE,TRANSITIVE,Filler,Filler,TRANSITIVE,TRANSITIVE,INTRANSITIVE,INTRANSITIVE,TRANSITIVE,TRANSITIVE,TRANSITIVE,Filler,Filler,Filler,Filler,Filler,Filler
TRANSITIVE,TRANSITIVE,INTRANSITIVE,TRANSITIVE,INTRANSITIVE,TRANSITIVE,TRANSITIVE,TRANSITIVE,TRANSITIVE,INTRANSITIVE,TRANSITIVE,TRANSITIVE,INTRANSITIVE,Filler,Filler,TRANSITIVE,TRANSITIVE,TRANSITIVE,TRANSITIVE,INTRANSITIVE,TRANSITIVE,TRANSITIVE,Filler,Filler,Filler,Filler,Filler,Filler
TRANSITIVE,TRANSITIVE,TRANSITIVE,TRANSITIVE,INTRANSITIVE,TRANSITIVE,TRANSITIVE,TRANSITIVE,INTRANSITIVE,INTRANSITIVE,INTRANSITIVE,INTRANSITIVE,INTRANSITIVE,Filler,Filler,INTRANSITIVE,TRANSITIVE,INTRANSITIVE,TRANSITIVE,INTRANSITIVE,TRANSITIVE,TRANSITIVE,Filler,Filler,Filler,Filler,Filler,Filler
INTRANSITIVE,TRANSITIVE,TRANSITIVE,TRANSITIVE,TRANSITIVE,TRANSITIVE,TRANSITIVE,INTRANSITIVE,INTRANSITIVE,TRANSITIVE,TRANSITIVE,INTRANSITIVE,TRANSITIVE,Filler,Filler,TRANSITIVE,TRANSITIVE,INTRANSITIVE,TRANSITIVE,TRANSITIVE,TRANSITIVE,TRANSITIVE,Filler,Filler,Filler,Filler,Filler,Filler
TRANSITIVE,INTRANSITIVE,TRANSITIVE,TRANSITIVE,TRANSITIVE,TRANSITIVE,TRANSITIVE,INTRANSITIVE,TRANSITIVE,INTRANSITIVE,INTRANSITIVE,INTRANSITIVE,TRANSITIVE,Filler,Filler,INTRANSITIVE,INTRANSITIVE,INTRANSITIVE,TRANSITIVE,INTRANSITIVE,TRANSITIVE,TRANSITIVE,Filler,Filler,Filler,Filler,Filler,Filler
INTRANSITIVE,TRANSITIVE,TRANSITIVE,TRANSITIVE,TRANSITIVE,TRANSITIVE,TRANSITIVE,INTRANSITIVE,TRANSITIVE,TRANSITIVE,TRANSITIVE,INTRANSITIVE,TRANSITIVE,Filler,Filler,TRANSITIVE,TRANSITIVE,INTRANSITIVE,TRANSITIVE,INTRANSITIVE,TRANSITIVE,TRANSITIVE,Filler,Filler,Filler,Filler,Filler,Filler
